"ModelID","Task","Paper","Year","ModelType","Economy","Category","KeyFeatures","DateAdded","Status"
"trend_rbc_gov_inv","RBC with public capital externality and trend growth; IRF to TFP and gov-investment shocks","custom","2026","RBC nonlinear","Closed economy","7. Fiscal Policy / Government Spending","public investment, public capital stock, Aschauer 1989 externality, trend growth (labor-augmenting), detrended BGP, stoch_simul order=1, back-solved psi/ig_ss in steady_state_model","2026-06-13","runnable"
"bgg_financial","BGG 1999 financial accelerator vs frictionless NK comparison; @#define macro switch WITH_FA; IRF to MP and TFP shocks","Bernanke Gertler Gilchrist 1999","1999","NK nonlinear","Closed economy","6. Financial Frictions / Credit Frictions","financial accelerator, CSV optimal contract, external finance premium premium=(Q*K/NW)^chi, entrepreneur net worth, @#ifndef WITH_FA macro switch for frictionless comparison, Calvo nonlinear pricing x1 x2 pstar, CEE investment adjustment costs, 20 vars 3 shocks, stoch_simul order=1, back-solved psi/we in steady_state_model","2026-06-13","runnable"
"govt_rbc_irf_matching","IRF-matching estimation of public capital elasticity in Aschauer-style RBC; Dynare 7.1 method_of_moments(irf_matching); US 1960-2019","custom","2026","RBC nonlinear","US economy","7. Fiscal Policy / Government Spending","public investment externality alphag, method_of_moments irf_matching, matched_irfs block, 3-var Cholesky VAR empirical IRFs from W780RC1Q027SBEA (gov gross investment ~5.8% GDP), bootstrap CI weights, pre-extracted sub-vectors for matched_irfs parser, 17 vars 2 shocks, back-solved psi/ig_ss, KEY FINDING: alphag pushes to upper bound (0.15) with correct investment data; rho_ig=0.82 interior; Hessian singular at bound","2026-06-13","runnable"
"zlb_qe","ZLB effect on QE effectiveness; 3-scenario perfect-foresight comparison via @#define ZLB/QE switches","custom (distilled from Chen-Curdia-Ferrero 2012)","2026","NK nonlinear","Closed economy","9. Unconventional Monetary Policy / QE","QE/asset purchases, portfolio-balance term premium, capital quality shock, ZLB via lmmcp, perfect foresight, Rotemberg pricing, investment adjustment cost, @#define scenario switch","2026-06-13","runnable"
"sims_wu_2019","Replication of Sims-Wu four-equation NK model; IRF to natural rate / MP / QE / credit shocks (Figures 1-4)","Sims and Wu 2019 (The Four Equation New Keynesian Model)","2019","NK linearized","Closed economy","9. Unconventional Monetary Policy / QE","four-equation NK, QE rule as 4th equation, credit/leverage shock theta enters BOTH IS and Phillips curves (cost-push), parent-child households share z, model(linear) zero steady state, Taylor rule + AR QE rule, expected excess return exr for yield-curve (Fig.4), QE less inflationary than rate cut, Divine Coincidence breaks, Table 1 calibration gam=0.086 zeta=2 bFI=0.7 bcb=0.3, 7 vars 4 shocks","2026-06-13","runnable"
"lk2024","Replicate Lu & Kameda (2024 JJIE) two-sector search-friction fiscal DSGE for Japan; calibrate-and-simulate with paper Tables 2-4 (no estimation), stoch_simul IRFs for gov consumption / public vacancy / public wage markup","Lu and Kameda 2024","2024","NK nonlinear","Closed economy","5. Labour Market Frictions (Search & Matching)","search-and-matching, two-sector public+private labor market, government employment, public vacancies + public wage markup, productive public capital + public services externality, staggered Nash wage bargaining (Hall 2005), intensive margin hours, Calvo prices, heterogeneous consumption employed vs unemployed (consumption-employment complementarity), distortionary taxes (cons/labor/capital), fiscal rules with output+debt feedback, Taylor rule, 15 shocks, external steadystate.m reverse-calibration, Japan","2026-06-13","runnable"
"bj2021_demography","Replicate Basso-Jimeno (2021 JME) demographic-transition core in Dynare; perfect-foresight permanent change in birth/survival rates US & Core Europe 1993->2055; initval/endval BGP-to-BGP (Solow_growth_rate_changes pattern)","Basso and Jimeno 2021","2021","Endogenous-growth OLG nonlinear (unambiguous core)","Closed economy (US / Core Europe)","12. Growth / Demographics / OLG","Gertler 1999 two-stage lifecycle demographics (worker/retiree law of motion eq.1/A.68), retiree-worker ratio tau_r state, balanced-growth-path mapping Prop.1 g=g_n^(1/(1-chi)) g_q=g/g_n g_Z=g_A=g^eta, robot-production curvature chi calibrated once to 1.6% per-capita growth, permanent demographic shock via initval/endval + perfect_foresight_solver, -D macro defines to switch US vs Europe calibration, 8 eqs; NOTE full 40-eq structural model NOT faithfully recoverable (OCR drops greek symbols; interest rate from Gertler/Epstein-Zin MPC block and automation level a_z from sigma-technology scaling Theta-tilde are document-irrecoverable)","2026-06-14","runnable"
"swff","Replicate Del Negro-Giannoni-Schorfheide (2015) SWFF in Dynare; calibrate at SWFF posterior mode (Table A-2, no estimation); transcribe FRBNY DSGE.jl m990 eqcond + financial_frictions; stoch_simul IRFs focused on financial (sigma_omega) and monetary shocks","Del Negro Giannoni Schorfheide 2015 (Inflation in the Great Recession and New Keynesian Models, AEJ:Macro)","2015","NK linearized","US economy","3. Financial Accelerator / BGG-type Credit Frictions","Smets-Wouters 2007 medium-scale + BGG/CMR financial accelerator (external finance premium, entrepreneur net worth, costly-state-verification spread eq), time-varying inflation target pistar, sticky+flexible dual economy for output gap, Calvo prices+wages with Kimball aggregator + indexation, investment adjustment costs, variable capacity utilization, habit, model(linear) zero steady state, FF zeta coefficients solved in swff_ff_coeffs.m (erfc/norminv + fzero on zeta_spb; Fstar=0.03 survival=0.99 spr=(1+SPstar/100)^0.25 nk*=0.77), 9 active shocks (z b mu g lamf lamw rm sigw pistar; m990 zp/mu_e/gamma dropped sigma=0), 40 vars 40 eqs BK verified, params via @#include swff_params.inc generated by run_swff.m, variables in percentage points so IRF Scale=1, reproduces missing-disinflation under financial stress","2026-06-14","runnable"
"BRA_SAMBA08","MMB paper derivation reference (8-section FOC/equilibrium derivation, EN+ZH); no runnable .mod","SAMBA: Stochastic Analytical Model with a Bayesian Approach","2008","New Keynesian DSGE, small open economy","Brazil","14. Large Official Policy Models","Bayesian estimation, hand-to-mouth HH, regulated prices, fiscal surplus targeting, imported intermediates, Calvo prices, investment adj. costs, small open economy","2026-06-18","derivation-only (needs_review)"
"CA_BMZ12","MMB paper derivation reference (8-section FOC/equilibrium derivation, EN+ZH); no runnable .mod","Macroprudential Rules and Monetary Policy when Financial Frictions Matter","2012","New Keynesian DSGE with financial frictions and macroprudential policy","Canada","13. Macroprudential Policy","credit frictions, banking sector, macroprudential policy, Bayesian estimation, Flexible-price","2026-06-18","derivation-only (needs_review)"
"CA_LS07","MMB paper derivation reference (8-section FOC/equilibrium derivation, EN+ZH); no runnable .mod","Do Central Banks Respond to Exchange Rate Movements? A Structural Investigation","2007","New Keynesian DSGE, small open economy (linearized)","Canada (and other small open economies; Canada variant used here)","6. Open Economy / Multi-Country","small open economy, Includes terms of trade, Bayesian estimation, World","2026-06-18","derivation-only (needs_review)"
"CA_ToTEM10","MMB paper derivation reference (8-section FOC/equilibrium derivation, EN+ZH); no runnable .mod","ToTEM: The Bank of Canada's New Quarterly Projection Model","2006","New Keynesian DSGE, open economy, large-scale projection model","Canada","14. Large Official Policy Models","large-scale multi-sector, Produces four distinct finished goods, Contains a commodity-producing sector, Calvo prices+wages, investment adj. costs, multi-instrument fiscal block, Features a net foreign asset, World","2026-06-18","derivation-only (needs_review)"
"CL_MS07","MMB paper derivation reference (8-section FOC/equilibrium derivation, EN+ZH); no runnable .mod","The Chilean Business Cycles Through the Lens of a Stochastic General Equilibrium Model","2007","New Keynesian DSGE, small open economy","Chile","6. Open Economy / Multi-Country","small open economy, Features multiple production sectors, Includes a commodity, habit formation, investment adj. costs, fiscal rule, incomplete pass-through, Bayesian estimation","2026-06-18","derivation-only (needs_review)"
"DEREA_GEAR16","MMB paper derivation reference (8-section FOC/equilibrium derivation, EN+ZH); no runnable .mod","Fiscal Policy during the Crisis: A Look on Germany and the Euro Area with GEAR","2016","New Keynesian DSGE, three-region (two-country monetary union + rest of world)","Germany, Euro Area (excluding Germany), and Rest of World","7. Fiscal Policy / Government Spending","three-country, two-country, distortionary taxes, Nash bargaining, rule-of-thumb HH, Calvo prices+wages, investment adj. costs","2026-06-18","derivation-only (needs_review)"
"EACZ_GEM03","MMB paper derivation reference (8-section FOC/equilibrium derivation, EN+ZH); no runnable .mod","Monetary Rules for Small, Open, Emerging Economies","2003","Multi-sector open economy DSGE (IMF Global Economy Model -GEM variant)","Euro Area and Czech Republic (two-country: home = Czech Republic, foreign = Euro Area)","6. Open Economy / Multi-Country","two-country, commodity/energy sector, Optimal simple rule, Ricardian/non-Ricardian HH","2026-06-18","derivation-only (needs_review)"
"EAES_RA09","MMB paper derivation reference (8-section FOC/equilibrium derivation, EN+ZH); no runnable .mod","Inflation Differentials between Spain and the EMU: A DSGE Perspective","2009","Two-country New Keynesian DSGE with tradable and non-tradable sectors","Spain (home) and Euro Area/EMU (foreign) -currency union","6. Open Economy / Multi-Country","two-country, two-sector, Habit persistence in household consumption, Calvo prices, Bayesian estimation, currency/monetary union","2026-06-18","derivation-only (needs_review)"
"EAUS_NAWM08","MMB paper derivation reference (8-section FOC/equilibrium derivation, EN+ZH); no runnable .mod","Tax Reform and Labour-Market Performance in the Euro Area: A Simulation-Based Analysis Using the New Area-Wide Model","2008","Two-country open economy New Keynesian DSGE (New Area-Wide Model -NAWM)","Euro Area and United States (two-country)","14. Large Official Policy Models","two-country, distortionary taxes, rule-of-thumb HH, incomplete pass-through, investment adj. costs, habit formation","2026-06-18","derivation-only (needs_review)"
"EAUS_NAWMctww","MMB paper derivation reference (8-section FOC/equilibrium derivation, EN+ZH); no runnable .mod","Fiscal Consolidation Strategies","2013","Two-country open economy New Keynesian DSGE (NAWM re-parameterized variant)","Euro Area and United States (two-country)","14. Large Official Policy Models","two-country, rule-of-thumb HH, investment adj. costs, incomplete pass-through, habit formation","2026-06-18","derivation-only (needs_review)"
"EA_ALSV06","MMB paper derivation reference (8-section FOC/equilibrium derivation, EN+ZH); no runnable .mod","Money in an Estimated Business Cycle Model of the Euro Area","2006","New Keynesian DSGE with money","Euro Area","11. Money-in-the-Model","habit formation, money-in-utility (MIU), Calvo prices, Bayesian estimation","2026-06-18","derivation-only (needs_review)"
"EA_AWM05","MMB paper derivation reference (8-section FOC/equilibrium derivation, EN+ZH); no runnable .mod","An Area-Wide Model (AWM) for the Euro Area","2005","Large-scale macroeconometric model (semi-structural / backward-looking, not micro-founded DSGE)","Euro Area","14. Large Official Policy Models","Area-Wide Model, Semi-structural model with many equations, Extensive use of lagged variables, Includes a detailed external sector, Labor market block, Government sector, Long-run restrictions","2026-06-18","derivation-only (needs_review)"
"EA_BE15","MMB paper derivation reference (8-section FOC/equilibrium derivation, EN+ZH); no runnable .mod","Money in the Production Function: A New Keynesian DSGE Perspective","2015","New Keynesian DSGE with money in the production function","Euro Area","11. Money-in-the-Model","money-in-production (MIP), Money-in-production-function, Unconstrained returns to scale, Bayesian estimation, Includes both nominal + flexible-price","2026-06-18","derivation-only (needs_review)"
"EA_BF17","MMB paper derivation reference (8-section FOC/equilibrium derivation, EN+ZH); no runnable .mod","Money and Monetary Policy in the Eurozone: An Empirical Analysis During Crises","2017","New Keynesian DSGE with money in the production function","Euro Area","11. Money-in-the-Model","money-in-production (MIP), Bayesian estimation, model","2026-06-18","derivation-only (needs_review)"
"EA_CKL09","MMB paper derivation reference (8-section FOC/equilibrium derivation, EN+ZH); no runnable .mod","The Role of Labor Markets for Euro Area Monetary Policy","2009","New Keynesian DSGE with labor market search and matching frictions","Euro Area","5. Labour Market Frictions (Search & Matching)","search-and-matching, Bayesian estimation, habit formation","2026-06-18","derivation-only (needs_review)"
"EA_CW05fm","MMB paper derivation reference (8-section FOC/equilibrium derivation, EN+ZH); no runnable .mod","A Small Estimated Euro Area Model with Rational Expectations and Nominal Rigidities","2005","New Keynesian, small estimated model (linearized), Fuhrer-Moore wage contracting variant","Euro Area","1. Baseline NK / Monetary Policy Rules","intrinsic inflation inertia","2026-06-18","derivation-only (needs_review)"
"EA_CW05ta","MMB paper derivation reference (8-section FOC/equilibrium derivation, EN+ZH); no runnable .mod","A Small Estimated Euro Area Model with Rational Expectations and Nominal Rigidities","2005","New Keynesian, small estimated model (linearized), Taylor nominal wage contracting variant","Euro Area","1. Baseline NK / Monetary Policy Rules","staggered wage contracts","2026-06-18","derivation-only (needs_review)"
"EA_DKR11","MMB paper derivation reference (8-section FOC/equilibrium derivation, EN+ZH); no runnable .mod","Macroeconomic Propagation under Different Regulatory Regimes: Evidence from an Estimated DSGE Model for the Euro Area","2011","New Keynesian DSGE with banking sector and financial frictions (large-scale)","Euro Area","4. Banking Sector / Bank Capital Channel","banking sector, patient/impatient HH, collateral constraints (LTV), capital accumulation, Rotemberg price adj., external finance premium, credit frictions, bank capital/leverage","2026-06-18","derivation-only (needs_review)"
"EA_GE10","MMB paper derivation reference (8-section FOC/equilibrium derivation, EN+ZH); no runnable .mod","The External Finance Premium in the Euro Area: A Dynamic Stochastic General Equilibrium Analysis","2010","New Keynesian DSGE with financial accelerator (Bernanke-Gertler-Gilchrist)","Euro Area","3. Financial Accelerator / BGG-type Credit Frictions","costly state verification, external finance premium, Bayesian estimation, financial accelerator (BGG)","2026-06-18","derivation-only (needs_review)"
"EA_GNSS10","MMB paper derivation reference (8-section FOC/equilibrium derivation, EN+ZH); no runnable .mod","Credit and Banking in a DSGE Model of the Euro Area","2010","New Keynesian DSGE with banking sector and credit frictions","Euro Area","4. Banking Sector / Bank Capital Channel","banking sector, patient/impatient HH, external finance premium, bank capital/leverage, Rotemberg price adj., investment adj. costs","2026-06-18","derivation-only (needs_review)"
"EA_PV15","MMB paper derivation reference (8-section FOC/equilibrium derivation, EN+ZH); no runnable .mod","Cross-Border Banking Flows Spillovers in the Eurozone: Evidence from an Estimated DSGE Model","2015","New Keynesian DSGE, two-country monetary union with cross-border banking and financial accelerator","Euro Area (Core and Periphery countries)","6. Open Economy / Multi-Country","two-country, financial accelerator (BGG), Bayesian estimation, credit frictions","2026-06-18","derivation-only (needs_review)"
"EA_PV16","MMB paper derivation reference (8-section FOC/equilibrium derivation, EN+ZH); no runnable .mod","The Portfolio Balance Mechanism and QE in the Euro Area","2016","New Keynesian DSGE with multiple asset classes and quantitative easing (QUEST3 extension)","Euro Area (and Rest of World)","9. Unconventional Monetary Policy / QE","imperfect substitutability, term structure, QE/asset purchases, Liquidity-constrained + Ricardian households, two-country","2026-06-18","derivation-only (needs_review)"
"EA_PV17","MMB paper derivation reference (8-section FOC/equilibrium derivation, EN+ZH); no runnable .mod","The Macroeconomic Effects of the ECB's Evolving QE Programme: A Model-Based Analysis","2017","New Keynesian DSGE with multiple asset classes, cross-border bond holdings, and quantitative easing (QUEST3 extension)","Euro Area (and Rest of World, with cross-border long-term bond holdings)","9. Unconventional Monetary Policy / QE","cross-border banking, imperfect substitutability, QE/asset purchases, two-country","2026-06-18","derivation-only (needs_review)"
"EA_QR14","MMB paper derivation reference (8-section FOC/equilibrium derivation, EN+ZH); no runnable .mod","Monetary and Macroprudential Policy in an Estimated DSGE Model of the Euro Area","2014","New Keynesian DSGE, two-country monetary union with housing, collateral constraints, and macroprudential policy","Euro Area (Core and Periphery)","13. Macroprudential Policy","two-country, collateral constraints (LTV), financial accelerator (BGG), currency/monetary union, Bayesian estimation","2026-06-18","derivation-only (needs_review)"
"EA_QUEST3","MMB paper derivation reference (8-section FOC/equilibrium derivation, EN+ZH); no runnable .mod","QUEST III: An Estimated Open-Economy DSGE Model of the Euro Area with Fiscal and Monetary Policy","2009","New Keynesian DSGE, large-scale estimated open-economy model","Euro Area","14. Large Official Policy Models","rule-of-thumb HH, distortionary taxes, Calvo prices+wages, investment adj. costs, habit formation, Foreign","2026-06-18","derivation-only (needs_review)"
"EA_SR07","MMB paper derivation reference (8-section FOC/equilibrium derivation, EN+ZH); no runnable .mod","Bayesian Estimation of an Open Economy DSGE Model with Incomplete Pass-Through","2007","New Keynesian DSGE, open economy, Bayesian estimation","Euro Area (estimated as an open economy vis-a-vis the rest of the world)","6. Open Economy / Multi-Country","Bayesian estimation, incomplete pass-through, Calvo prices, UIP risk premium, Smets-Wouters, External VAR for foreign, distortionary taxes","2026-06-18","derivation-only (needs_review)"
"EA_SW03","MMB paper derivation reference (8-section FOC/equilibrium derivation, EN+ZH); no runnable .mod","An Estimated Stochastic Dynamic General Equilibrium Model of the Euro Area","2003","New Keynesian DSGE, medium-scale, Bayesian estimation","Euro Area","2. Estimated DSGE Benchmarks (Smets-Wouters Type)","Calvo prices, Calvo wages, habit formation, investment adj. costs, variable capital util., employment adjustment, 7 structural shocks","2026-06-18","derivation-only (needs_review)"
"EA_SWW14","MMB paper derivation reference (8-section FOC/equilibrium derivation, EN+ZH); no runnable .mod","Professional Forecasters and Real-Time Forecasting with a DSGE Model","2014","New Keynesian DSGE with unemployment (Gali-Smets-Wouters extension), Euro Area","Euro Area","2. Estimated DSGE Benchmarks (Smets-Wouters Type)","search-and-matching, Distinguishes natural rate of unemployment, Bayesian estimation, 7 structural shocks","2026-06-18","derivation-only (needs_review)"
"EA_VI16bgg","MMB paper derivation reference (8-section FOC/equilibrium derivation, EN+ZH); no runnable .mod","Financial Frictions in the Euro Area and the United States: A Bayesian Assessment","2016","New Keynesian DSGE with financial accelerator (Smets-Wouters + BGG), Bayesian estimation","Euro Area (BGG variant; companion US variant also exists)","3. Financial Accelerator / BGG-type Credit Frictions","entrepreneurs, external finance premium, Bayesian estimation, Contains all standard Smets-Wouters","2026-06-18","derivation-only (needs_review)"
"EA_VI16gk","MMB paper derivation reference (8-section FOC/equilibrium derivation, EN+ZH); no runnable .mod","Financial Frictions in the Euro Area and the United States: A Bayesian Assessment","2016","New Keynesian DSGE with financial intermediary frictions (Gertler-Karadi variant)","Euro Area","4. Banking Sector / Bank Capital Channel","financial intermediary, banking sector, Bayesian estimation, Calvo prices+wages, habit formation, investment adj. costs, employment adjustment","2026-06-18","derivation-only (needs_review)"
"ESREA_FIMOD12","MMB paper derivation reference (8-section FOC/equilibrium derivation, EN+ZH); no runnable .mod","FiMod -A DSGE Model for Fiscal Policy Simulations","2012","Two-country New Keynesian DSGE with labor market search-and-matching frictions","Spain (home) and Rest of Euro Area (foreign) -calibrated as currency union","7. Fiscal Policy / Government Spending","two-country, search-and-matching, Three labor market pools, public investment, Ricardian/non-Ricardian HH, distortionary taxes, investment adj. costs, Calvo prices","2026-06-18","derivation-only (needs_review)"
"FI_AINO16","MMB paper derivation reference (8-section FOC/equilibrium derivation, EN+ZH); no runnable .mod","The Aino 2.0 Model","2016","Medium-large scale New Keynesian DSGE with financial sector (open economy)","Finland (small open economy in Euro Area)","14. Large Official Policy Models","small open economy, bank capital/leverage, Bayesian estimation, Multiple sectors, hand-to-mouth HH, inflation indexation, investment adj. costs, Foreign sector","2026-06-18","derivation-only (needs_review)"
"G2_SIGMA08","MMB paper derivation reference (8-section FOC/equilibrium derivation, EN+ZH); no runnable .mod","Trade Adjustment and the Composition of Trade","2008","Two-country open economy New Keynesian DSGE (SIGMA model -Federal Reserve)","Home country and Foreign country (calibrated to US and rest of world)","6. Open Economy / Multi-Country","SIGMA, two-country, term structure, Ricardian/non-Ricardian HH, investment adj. costs, Rich financial sector variables","2026-06-18","derivation-only (needs_review)"
"G3_CW03","MMB paper derivation reference (8-section FOC/equilibrium derivation, EN+ZH); no runnable .mod","Inflation Dynamics and International Linkages: A Model of the United States, the Euro Area and Japan","2003","Three-country linearized macroeconomic model with rational expectations and staggered contracts","United States, Euro Area, and Japan (three-country)","6. Open Economy / Multi-Country","three-country, Staggered wage/price contracts, term structure, inflation targeting","2026-06-18","derivation-only (needs_review)"
"GPM6_IMF13","MMB paper derivation reference (8-section FOC/equilibrium derivation, EN+ZH); no runnable .mod","GPM6: The Global Projection Model with 6 Regions","2013","Semi-structural Global Projection Model (calibrated reduced-form DSGE-consistent)","Six global regions: United States (US), Euro Area (EU), Japan (JA), Emerging Asia (EA6), Latin America (LA6), Remaining Countries (RC6)","14. Large Official Policy Models","Bank lending tightening, inflation targeting, commodity/energy sector","2026-06-18","derivation-only (needs_review)"
"HK_FP13","MMB paper derivation reference (8-section FOC/equilibrium derivation, EN+ZH); no runnable .mod","Housing Prices and the Business Cycle: An Empirical Application to Hong Kong","2013","Two-agent, two-sector open economy New Keynesian DSGE with housing and collateral constraints","Hong Kong (small open economy)","8. Housing / Collateral Constraints","two-sector, patient/impatient HH, collateral constraints (LTV), small open economy, Bayesian estimation, Calvo prices, Foreign sector","2026-06-18","derivation-only (needs_review)"
"HK_FPP11","MMB paper derivation reference (8-section FOC/equilibrium derivation, EN+ZH); no runnable .mod","Stock Market Wealth Effects in an Estimated DSGE Model for Hong Kong","2011","Small open economy New Keynesian DSGE with stock market wealth effects","Hong Kong (small open economy)","8. Housing / Collateral Constraints","small open economy, equity/wealth channel, Bayesian estimation, Phillips curve for inflation dynamics, fixed exchange rate, preference/risk-premium shocks","2026-06-18","derivation-only (needs_review)"
"NK_AFL15","MMB paper derivation reference (8-section FOC/equilibrium derivation, EN+ZH); no runnable .mod","Monetary Policy and Risk Taking","2015","New Keynesian DSGE with banking sector and bank run risk","Generic (calibrated to represent a developed economy, with reference to euro area)","4. Banking Sector / Bank Capital Channel","banking sector, Banks choose funding structure, Risk-taking channel of monetary policy, Calvo prices, investment adj. costs, Government expenditure sector","2026-06-18","derivation-only (needs_review)"
"NK_BGEU10","MMB paper derivation reference (8-section FOC/equilibrium derivation, EN+ZH); no runnable .mod","Labor Markets and Monetary Policy: A New Keynesian Model with Unemployment","2010","New Keynesian DSGE with unemployment and search-and-matching labor market","Generic -EU (Euro) specification (rigid labor market calibration)","5. Labour Market Frictions (Search & Matching)","search-and-matching, Two specifications, Calvo prices, Taylor-type monetary policy rule, Simplified model without capital, Nash bargaining","2026-06-18","derivation-only (needs_review)"
"NK_BGG99","MMB paper derivation reference (8-section FOC/equilibrium derivation, EN+ZH); no runnable .mod","The Financial Accelerator in a Quantitative Business Cycle Framework","1999","New Keynesian DSGE with financial accelerator (BGG framework)","Generic (calibrated to US)","3. Financial Accelerator / BGG-type Credit Frictions","financial accelerator (BGG), costly state verification, Calvo prices, entrepreneur net worth, investment adj. costs, nonlinear model","2026-06-18","derivation-only (needs_review)"
"NK_BGUS10","MMB paper derivation reference (8-section FOC/equilibrium derivation, EN+ZH); no runnable .mod","Labor Markets and Monetary Policy: A New Keynesian Model with Unemployment","2010","New Keynesian DSGE with unemployment and search-and-matching labor market","Generic -US (fluid labor market) specification","5. Labour Market Frictions (Search & Matching)","search-and-matching, Two specifications, Calvo prices, Taylor-type monetary policy rule, Simplified model without capital","2026-06-18","derivation-only (needs_review)"
"NK_CFP10","MMB paper derivation reference (8-section FOC/equilibrium derivation, EN+ZH); no runnable .mod","Optimal Monetary Policy in a Model with Agency Costs","2010","New Keynesian DSGE with financial frictions (agency costs / costly state verification)","Generic (calibrated to US)","3. Financial Accelerator / BGG-type Credit Frictions","costly state verification, financial intermediary, external finance premium, Asset price, Calvo prices, Labor supplied by households, Model, Credit distortion","2026-06-18","derivation-only (needs_review)"
"NK_CGG02","MMB paper derivation reference (8-section FOC/equilibrium derivation, EN+ZH); no runnable .mod","A Simple Framework for International Monetary Policy Analysis","2002","Two-country small open economy New Keynesian DSGE","Home country (small open economy) and Foreign country (large economy) -generic","6. Open Economy / Multi-Country","two-country, small open economy, UIP risk premium, Parameter values taken from Gali-Monacelli","2026-06-18","derivation-only (needs_review)"
"NK_CGG99","MMB paper derivation reference (8-section FOC/equilibrium derivation, EN+ZH); no runnable .mod","The Science of Monetary Policy: A New Keynesian Perspective","1999","Simple New Keynesian model (IS-PC-MP three-equation system) -extended hybrid version","Generic closed economy (calibrated to US using Rotemberg-Woodford 1997 parameters)","1. Baseline NK / Monetary Policy Rules","Canonical three-equation New Keynesian framework, hybrid version, Output persistence, Inflation persistence, Model without capital, Parameters from Rotemberg-Woodford","2026-06-18","derivation-only (needs_review)"
"NK_CK08","MMB paper derivation reference (8-section FOC/equilibrium derivation, EN+ZH); no runnable .mod","Resuscitating the Wage Channel in Models with Unemployment Fluctuations","2008","New Keynesian DSGE with search-and-matching labor market frictions (monthly frequency, recalibrated quarterly)","Generic (recalibrated to quarterly frequency from original monthly calibration)","5. Labour Market Frictions (Search & Matching)","search-and-matching, Right-to-manage wage bargaining, Calvo prices, Monopolistically competitive intermediate goods firms, Competitive final goods firm, price + wage Phillips curves","2026-06-18","derivation-only (needs_review)"
"NK_CKL09","MMB paper derivation reference (8-section FOC/equilibrium derivation, EN+ZH); no runnable .mod","The Role of Labor Markets for Euro Area Monetary Policy","2009","New Keynesian DSGE with search-and-matching labor market frictions (calibrated to Euro Area)","Euro Area","5. Labour Market Frictions (Search & Matching)","search-and-matching, Right-to-manage wage bargaining, Calvo prices, Monopolistically competitive intermediate goods firms, Investment + government spending","2026-06-18","derivation-only (needs_review)"
"NK_CW09","MMB paper derivation reference (8-section FOC/equilibrium derivation, EN+ZH); no runnable .mod","Credit Frictions and Optimal Monetary Policy","2009","New Keynesian DSGE with heterogeneous households and credit frictions","Generic (calibrated to US)","3. Financial Accelerator / BGG-type Credit Frictions","patient/impatient HH, credit frictions, Government bonds, Calvo prices, linear","2026-06-18","derivation-only (needs_review)"
"NK_DEFK17","MMB paper derivation reference (8-section FOC/equilibrium derivation, EN+ZH); no runnable .mod","Output Gap, Monetary Policy Trade-offs and Financial Frictions","2017","New Keynesian DSGE with Financial Frictions","Closed economy (calibrated to the US)","3. Financial Accelerator / BGG-type Credit Frictions","credit frictions, Capitalized gross profits, Fixed costs in the retail, Calvo prices, investment adj. costs, banking sector","2026-06-18","derivation-only (needs_review)"
"NK_DT12","MMB paper derivation reference (8-section FOC/equilibrium derivation, EN+ZH); no runnable .mod","Optimal Monetary Policy in a Model of the Credit Channel","2013","New Keynesian DSGE with Financial Frictions and Banking","Closed economy (calibrated to US data)","3. Financial Accelerator / BGG-type Credit Frictions","costly state verification, endogenous default, Calvo prices, risk/uncertainty shocks","2026-06-18","derivation-only (needs_review)"
"NK_ET14","MMB paper derivation reference (8-section FOC/equilibrium derivation, EN+ZH); no runnable .mod","Unconventional Government Debt Purchases as a Supplement to Conventional Monetary Policy","2014","New Keynesian DSGE with Unconventional Monetary Policy (QE)","Closed economy (stylized)","9. Unconventional Monetary Policy / QE","QE/asset purchases, Calvo prices+wages, investment adj. costs, imperfect substitutability, Multiple preference + technology shocks","2026-06-18","derivation-only (needs_review)"
"NK_FLMF18","MMB paper derivation reference (8-section FOC/equilibrium derivation, EN+ZH); no runnable .mod","Monetary Policy Spillovers, Global Commodity Prices and Cooperation","2018","New Keynesian DSGE, Small Open Economy with Commodity Sector","Small open economy with a foreign (rest-of-world) block; commodity prices determined globally","6. Open Economy / Multi-Country","small open economy, Commodity goods enter both consumption, Foreign share in CPI, commodity/energy sector, Calvo prices, Multiple equilibrium concepts","2026-06-18","derivation-only (needs_review)"
"NK_FNL23","MMB paper derivation reference (8-section FOC/equilibrium derivation, EN+ZH); no runnable .mod","Toward a Green Economy: The Role of Central Bank's Asset Purchases","2023","New Keynesian DSGE with Green and Brown Production Sectors","Closed economy with two production sectors (green and brown)","9. Unconventional Monetary Policy / QE","green/brown sectors, QE/asset purchases, firm-specific capital, imperfect substitutability, emission/carbon tax, carbon/pollution dynamics","2026-06-18","derivation-only (needs_review)"
"NK_GHP16","MMB paper derivation reference (8-section FOC/equilibrium derivation, EN+ZH); no runnable .mod","Housework and Fiscal Expansions","2016","New Keynesian DSGE with Home Production","Closed economy (calibrated to the US)","5. Labour Market Frictions (Search & Matching)","home production, Two types of capital, Two types of consumption, Home + market labor, Calvo prices, investment adj. costs","2026-06-18","derivation-only (needs_review)"
"NK_GK09lin","MMB paper derivation reference (8-section FOC/equilibrium derivation, EN+ZH); no runnable .mod","Financial Intermediation and Credit Policy in Business Cycle Analysis","2010","New Keynesian DSGE with Financial Intermediation (Linearized Version)","Closed economy (calibrated to the US)","4. Banking Sector / Bank Capital Channel","financial intermediary, Leverage ratio, Bank diversion friction, Calvo prices, habit formation, variable capital util., investment adj. costs, external finance premium","2026-06-18","derivation-only (needs_review)"
"NK_GK11","MMB paper derivation reference (8-section FOC/equilibrium derivation, EN+ZH); no runnable .mod","A Model of Unconventional Monetary Policy","2011","New Keynesian DSGE with Financial Intermediaries and Unconventional Monetary Policy","Closed economy (calibrated to the US)","4. Banking Sector / Bank Capital Channel","financial intermediary, QE/asset purchases, Calvo prices, habit formation, variable capital util., investment adj. costs, bank capital/leverage, Government spending sector included","2026-06-18","derivation-only (needs_review)"
"NK_GK13","MMB paper derivation reference (8-section FOC/equilibrium derivation, EN+ZH); no runnable .mod","QE 1 vs. 2 vs. 3...: A Framework for Analyzing Large-Scale Asset Purchases as a Monetary Policy Tool","2013","New Keynesian DSGE with Financial Intermediaries, Government Bonds, and QE Programs","Closed economy (calibrated to the US)","4. Banking Sector / Bank Capital Channel","Gertler-Karadi, Two separate leverage/agency constraints, Distinct bank balance sheet accounting, Separate premia for capital, Models QE1, ZLB, Calvo prices, investment adj. costs","2026-06-18","derivation-only (needs_review)"
"NK_GLSV07","MMB paper derivation reference (8-section FOC/equilibrium derivation, EN+ZH); no runnable .mod","Understanding the Effects of Government Spending on Consumption","2007","New Keynesian DSGE with Rule-of-Thumb Consumers","Closed economy (calibrated to the US)","7. Fiscal Policy / Government Spending","rule-of-thumb HH, markup shocks, Calvo prices, capital accumulation, deficit financing","2026-06-18","derivation-only (needs_review)"
"NK_GM05","MMB paper derivation reference (8-section FOC/equilibrium derivation, EN+ZH); no runnable .mod","Monetary Policy and Exchange Rate Volatility in a Small Open Economy","2005","New Keynesian DSGE, Small Open Economy","Small open economy (SOE) facing an exogenous rest-of-world block","6. Open Economy / Multi-Country","small open economy, Domestic inflation, UIP risk premium, Calvo prices, inflation targeting, World economy is exogenous, Terms of trade","2026-06-18","derivation-only (needs_review)"
"NK_GM07","MMB paper derivation reference (8-section FOC/equilibrium derivation, EN+ZH); no runnable .mod","Banking and Interest Rates in Monetary Policy Analysis: A Quantitative Exploration","2007","New Keynesian DSGE with Explicit Banking Sector","Closed economy (calibrated to the US)","11. Money-in-the-Model","banking sector, Three types of assets, Banking uses collateral, Multiple interest rate spreads, external finance premium, Money in the model, Calvo prices, capital accumulation","2026-06-18","derivation-only (needs_review)"
"NK_GM16","MMB paper derivation reference (8-section FOC/equilibrium derivation, EN+ZH); no runnable .mod","Understanding the Gains from Wage Flexibility: The Exchange Rate Connection","2016","New Keynesian DSGE, Small Open Economy in Currency Union","Small open economy (SOE) in a currency union (no independent nominal exchange rate)","5. Labour Market Frictions (Search & Matching)","small open economy, currency/monetary union, Calvo prices+wages, Multiple gap variables","2026-06-18","derivation-only (needs_review)"
"NK_GS14","MMB paper derivation reference (8-section FOC/equilibrium derivation, EN+ZH); no runnable .mod","Should Monetary Policy Lean Against the Wind? An Analysis Based on a DSGE Model with Banking","2014","New Keynesian DSGE with Financial Frictions and Banking Sector","Closed economy (calibrated to the euro area / US)","13. Macroprudential Policy","patient/impatient HH, Banks intermediate between patient households, bank capital/leverage, collateral constraints (LTV), Calvo prices, Borrowing constraint","2026-06-18","derivation-only (needs_review)"
"NK_GSSZ17","MMB paper derivation reference (8-section FOC/equilibrium derivation, EN+ZH); no runnable .mod","Inflation Dynamics during the Financial Crisis","2017","New Keynesian DSGE with Financial Frictions in Price-Setting","Closed economy (calibrated to the US)","3. Financial Accelerator / BGG-type Credit Frictions","credit frictions, Firms issue equity, habit formation, Calvo prices, preference/risk-premium shocks","2026-06-18","derivation-only (needs_review)"
"NK_JO15_ht","MMB paper derivation reference (8-section FOC/equilibrium derivation, EN+ZH); no runnable .mod","Productivity Shocks and Monetary Policy in a Two-Country Model","2015","New Keynesian Two-Country (Two-Region) Open Economy DSGE","Two-country model (domestic and foreign economies); High Trade Openness variant (alpha = 0.9)","6. Open Economy / Multi-Country","two-country, High level of trade openness, Calvo prices, UIP risk premium, Output gap","2026-06-18","derivation-only (needs_review)"
"NK_JO15_lt","MMB paper derivation reference (8-section FOC/equilibrium derivation, EN+ZH); no runnable .mod","Productivity Shocks and Monetary Policy in a Two-Country Model","2015","New Keynesian Two-Country (Two-Region) Open Economy DSGE","Two-country model (domestic and foreign economies); Low Trade Openness variant (alpha = 0.1)","6. Open Economy / Multi-Country","two-country, Low level of trade openness, Calvo prices, UIP risk premium, Output gap","2026-06-18","derivation-only (needs_review)"
"NK_KM16","MMB paper derivation reference (8-section FOC/equilibrium derivation, EN+ZH); no runnable .mod","Public Debt and Changing Inflation Targets","2016","New Keynesian DSGE with Government Debt and Imperfectly Observed Inflation Target","Closed economy (calibrated to the US)","1. Baseline NK / Monetary Policy Rules","inflation targeting, Money demand, Two variants tracked, Calvo prices, fiscal rule, Distinction between short-term deposits, Government spending + debt","2026-06-18","derivation-only (needs_review)"
"NK_KRS12","MMB paper derivation reference (8-section FOC/equilibrium derivation, EN+ZH); no runnable .mod","Monetary and Macroprudential Policy Rules in a Model with House Price Booms","2012","New Keynesian DSGE with Housing, Collateral Constraints, and Macroprudential Policy","Closed economy with two sectors (consumption goods and housing)","8. Housing / Collateral Constraints","housing market, patient/impatient HH, collateral constraints (LTV), Calvo prices","2026-06-18","derivation-only (needs_review)"
"NK_KW16","MMB paper derivation reference (8-section FOC/equilibrium derivation, EN+ZH); no runnable .mod","Fiscal Deficits, Financial Fragility, and the Effectiveness of Government Policies","2016","New Keynesian DSGE with Banking Sector and Sovereign Debt","Closed economy (calibrated to euro area)","4. Banking Sector / Bank Capital Channel","financial intermediary, govt debt dynamics, Asset choice by banks, bank capital/leverage, Fiscal sector, Calvo prices, investment adj. costs, ZLB","2026-06-18","derivation-only (needs_review)"
"NK_LWW03","MMB paper derivation reference (8-section FOC/equilibrium derivation, EN+ZH); no runnable .mod","The Performance of Forecast-Based Monetary Policy Rules Under Model Uncertainty","2003","Small Semi-Structural New Keynesian Model (linearized)","Closed economy (calibrated to the US)","1. Baseline NK / Monetary Policy Rules","IS curve, Phillips curve, Natural rate of interest, Cost-push / inflation persistence shock, Quarterly frequency calibration","2026-06-18","derivation-only (needs_review)"
"NK_MCN99cr","MMB paper derivation reference (8-section FOC/equilibrium derivation, EN+ZH); no runnable .mod","Performance of Operational Policy Rules in an Estimated Semiclassical Structural Model","1999","Semi-Classical / Hybrid New Keynesian Model (linearized), CR variant","Closed economy (estimated on US data)","1. Baseline NK / Monetary Policy Rules","Aggregate demand, real balance effect, Multiple assets, Stochastic trends in output, Estimated on US data, credit frictions","2026-06-18","derivation-only (needs_review)"
"NK_MI14","MMB paper derivation reference (8-section FOC/equilibrium derivation, EN+ZH); no runnable .mod","A Theory of Countercyclical Government Multiplier","2014","New Keynesian DSGE with Search-and-Matching Labor Market","Closed economy (calibrated to the US)","5. Labour Market Frictions (Search & Matching)","search-and-matching, Labor market tightness, Unemployment, Government employment, Job matching function, Nash bargaining, Rotemberg price adj., Quasi-labor supply is convex","2026-06-18","derivation-only (needs_review)"
"NK_MM10","MMB paper derivation reference (8-section FOC/equilibrium derivation, EN+ZH); no runnable .mod","The Role of Bank Capital in the Propagation of Shocks","2010","New Keynesian DSGE with Banking Sector","United States (stylized)","4. Banking Sector / Bank Capital Channel","Three agent types, bank capital/leverage, Calvo prices+wages, habit formation, money-in-utility (MIU)","2026-06-18","derivation-only (needs_review)"
"NK_MPT10","MMB paper derivation reference (8-section FOC/equilibrium derivation, EN+ZH); no runnable .mod","Unemployment Fiscal Multipliers","2010","New Keynesian DSGE with Search and Matching Labor Market","United States (monthly calibration)","5. Labour Market Frictions (Search & Matching)","search-and-matching, Calvo prices, investment adj. costs, habit formation, Nash bargaining, Endogenous unemployment + vacancy posting, Flexible-price","2026-06-18","derivation-only (needs_review)"
"NK_NS14","MMB paper derivation reference (8-section FOC/equilibrium derivation, EN+ZH); no runnable .mod","Fiscal Stimulus in a Monetary Union: Evidence from US Regions","2014","New Keynesian DSGE, Two-Region Open Economy (Linear)","Two-country/two-region monetary union (calibrated to US)","7. Fiscal Policy / Government Spending","two-country, Calvo prices, capital accumulation, CES aggregation","2026-06-18","derivation-only (needs_review)"
"NK_PP17","MMB paper derivation reference (8-section FOC/equilibrium derivation, EN+ZH); no runnable .mod","Coordinating Monetary and Macroprudential Policies","2017","New Keynesian DSGE with Financial Frictions (Linear)","Stylized (United States calibration)","13. Macroprudential Policy","credit frictions, financial intermediary, banking sector, Rotemberg price adj., macroprudential policy","2026-06-18","derivation-only (needs_review)"
"NK_PSV16","MMB paper derivation reference (8-section FOC/equilibrium derivation, EN+ZH); no runnable .mod","The Price of Capital and the Financial Accelerator","2016","New Keynesian DSGE with Financial Accelerator (BGG-type)","Stylized (US-calibrated)","3. Financial Accelerator / BGG-type Credit Frictions","financial accelerator (BGG), Phillips curve, costly state verification, Tobin's Q investment channel","2026-06-18","derivation-only (needs_review)"
"NK_RA16","MMB paper derivation reference (8-section FOC/equilibrium derivation, EN+ZH); no runnable .mod","Bank Leverage Cycles and the External Finance Premium","2016","New Keynesian DSGE with Dual Financial Accelerator (Linear)","United States","4. Banking Sector / Bank Capital Channel","financial accelerator (BGG), banking sector, variable capital util., Calvo prices, habit formation, Bayesian estimation","2026-06-18","derivation-only (needs_review)"
"NK_RW06","MMB paper derivation reference (8-section FOC/equilibrium derivation, EN+ZH); no runnable .mod","Optimal Monetary Policy with the Cost Channel","2006","New Keynesian (3-equation, Linear)","Stylized","1. Baseline NK / Monetary Policy Rules","Minimal three-equation New Keynesian model, cost channel, Calvo prices","2026-06-18","derivation-only (needs_review)"
"NK_RW97","MMB paper derivation reference (8-section FOC/equilibrium derivation, EN+ZH); no runnable .mod","An Optimization-Based Econometric Framework for the Evaluation of Monetary Policy","1997","New Keynesian (3-equation, Linear)","United States","1. Baseline NK / Monetary Policy Rules","Calvo prices, preference/risk-premium shocks","2026-06-18","derivation-only (needs_review)"
"NK_ST13","MMB paper derivation reference (8-section FOC/equilibrium derivation, EN+ZH); no runnable .mod","Inside Money in General Equilibrium: Does It Matter for Monetary Policy?","2013","New Keynesian DSGE with Financial Intermediation and Inside Money","Stylized","4. Banking Sector / Bank Capital Channel","inside money, deposit-in-advance, portfolio choice, Rotemberg price adj., investment adj. costs, external finance premium, Flexible-price counterpart for output gap","2026-06-18","derivation-only (needs_review)"
"RBC_DTT11","MMB paper derivation reference (8-section FOC/equilibrium derivation, EN+ZH); no runnable .mod","Monetary Policy and the Financing of Firms","2011","Real Business Cycle with Financial Frictions and Optimal Monetary Policy","Stylized","3. Financial Accelerator / BGG-type Credit Frictions","credit frictions, endogenous default, nominal debt contracts, costly state verification","2026-06-18","derivation-only (needs_review)"
"UK_SM11","MMB paper derivation reference (8-section FOC/equilibrium derivation, EN+ZH); no runnable .mod","An Estimated DSGE Model of Energy, Costs and Inflation in the United Kingdom","2011","New Keynesian DSGE, Small Open Economy with Energy Sector (Linear)","United Kingdom","10. Energy & Commodities","imported energy inputs, Three consumption sub-categories, small open economy, investment adj. costs, habit formation, Calvo prices+wages, Bayesian estimation, Flexible-price counterpart for output/value-added gap","2026-06-18","derivation-only (needs_review)"
"US_ACELm","MMB paper derivation reference (8-section FOC/equilibrium derivation, EN+ZH); no runnable .mod","Firm-Specific Capital, Nominal Rigidities and the Business Cycle","2011","Medium-Scale New Keynesian DSGE with Firm-Specific Capital (Linear)","United States","2. Estimated DSGE Benchmarks (Smets-Wouters Type)","firm-specific capital, Calvo prices, Calvo wages, habit formation, variable capital util., investment adj. costs, Money-in-advance, IST shocks","2026-06-18","derivation-only (needs_review)"
"US_ACELswm","MMB paper derivation reference (8-section FOC/equilibrium derivation, EN+ZH); no runnable .mod","Firm-Specific Capital, Nominal Rigidities and the Business Cycle","2011","Medium-Scale New Keynesian DSGE without Cost Channel (Linear)","United States","2. Estimated DSGE Benchmarks (Smets-Wouters Type)","Switches off working capital/cost channel, Calvo prices, Calvo wages, habit formation, variable capital util., investment adj. costs, Money-in-advance, Growth model with stochastic trends","2026-06-18","derivation-only (needs_review)"
"US_ACELswt","MMB paper derivation reference (8-section FOC/equilibrium derivation, EN+ZH); no runnable .mod","Firm-Specific Capital, Nominal Rigidities and the Business Cycle","2011","Medium-Scale New Keynesian DSGE without Cost Channel (Linear)","United States","2. Estimated DSGE Benchmarks (Smets-Wouters Type)","Switches off working capital/cost channel, Calvo prices, Calvo wages, habit formation, variable capital util., investment adj. costs, Money-in-advance, Growth model with stochastic trends","2026-06-18","derivation-only (needs_review)"
"US_ACELt","MMB paper derivation reference (8-section FOC/equilibrium derivation, EN+ZH); no runnable .mod","Firm-Specific Capital, Nominal Rigidities and the Business Cycle","2011","Medium-Scale New Keynesian DSGE with Firm-Specific Capital and Cost Channel (Linear)","United States","2. Estimated DSGE Benchmarks (Smets-Wouters Type)","Cost channel active, firm-specific capital, Calvo prices, Calvo wages, habit formation, variable capital util., investment adj. costs, Money-in-advance","2026-06-18","derivation-only (needs_review)"
"US_AJ16","MMB paper derivation reference (8-section FOC/equilibrium derivation, EN+ZH); no runnable .mod","Financial Intermediation, Investment Dynamics, and Business Cycle Fluctuations","2016","New Keynesian DSGE with Heterogeneous Firms and Financial Intermediation","United States","3. Financial Accelerator / BGG-type Credit Frictions","financial intermediary, Two types of firms, Calvo prices","2026-06-18","derivation-only (needs_review)"
"US_BB18","MMB paper derivation reference (8-section FOC/equilibrium derivation, EN+ZH); no runnable .mod","Oil Supply Shocks and the U.S. Economy: An Estimated DSGE Model","2018","New Keynesian DSGE with Energy/Oil Sector","United States","10. Energy & Commodities","Consumer durables sector, Transportation sector, Final goods aggregating across sectors, Estimated on US data","2026-06-18","derivation-only (needs_review)"
"US_BKM12","MMB paper derivation reference (8-section FOC/equilibrium derivation, EN+ZH); no runnable .mod","Smets-Wouters Model Re-estimated on Bimonthly US Data with Sector-Specific Deflators","2012","Medium-Scale New Keynesian Bayesian DSGE (Smets-Wouters framework, Linear)","United States (bimonthly frequency, 1989-2009)","2. Estimated DSGE Benchmarks (Smets-Wouters Type)","Based on Smets + Wouters, Re-estimated on bimonthly US data, Calvo prices, Calvo wages, habit formation, variable capital util., investment adj. costs, 7 structural shocks","2026-06-18","derivation-only (needs_review)"
"US_CCF12","MMB paper derivation reference (8-section FOC/equilibrium derivation, EN+ZH); no runnable .mod","The Macroeconomic Effects of Large-Scale Asset Purchase Programmes","2012","New Keynesian DSGE with Bond Market Segmentation (Linear)","United States","9. Unconventional Monetary Policy / QE","Smets-Wouters, term structure, Bond market segmentation, Long-term government bonds, QE/asset purchases, Calvo prices+wages","2026-06-18","derivation-only (needs_review)"
"US_CCTW10","MMB paper derivation reference (8-section FOC/equilibrium derivation, EN+ZH); no runnable .mod","New Keynesian versus Old Keynesian Government Spending Multipliers","2010","Medium-Scale New Keynesian Bayesian DSGE with Fiscal Block (Linear)","United States","7. Fiscal Policy / Government Spending","Based on Smets + Wouters, Ricardian/non-Ricardian HH, govt debt dynamics, fiscal rule, hand-to-mouth HH, Calvo prices, Calvo wages, habit formation","2026-06-18","derivation-only (needs_review)"
"US_CD08","MMB paper derivation reference (8-section FOC/equilibrium derivation, EN+ZH); no runnable .mod","The Financial Accelerator in an Estimated New Keynesian Model","2008","New Keynesian DSGE with Financial Accelerator (BGG)","United States/Canada","3. Financial Accelerator / BGG-type Credit Frictions","financial accelerator (BGG), costly state verification, entrepreneur net worth, money-in-utility (MIU), Calvo prices, Capital adjustment costs, Bayesian estimation","2026-06-18","derivation-only (needs_review)"
"US_CET15","MMB paper derivation reference (8-section FOC/equilibrium derivation, EN+ZH); no runnable .mod","Understanding the Great Recession","2015","Medium-Scale New Keynesian DSGE with Unemployment and Search Frictions","United States","5. Labour Market Frictions (Search & Matching)","search-and-matching, habit formation, investment adj. costs, Calvo prices, Calvo wages, Two parallel economies, Bayesian estimation","2026-06-18","derivation-only (needs_review)"
"US_CFOP14","MMB paper derivation reference (8-section FOC/equilibrium derivation, EN+ZH); no runnable .mod","Estimating Contract Indexation in a Financial Accelerator Model","2014","Medium-Scale New Keynesian DSGE with Financial Accelerator and Contract Indexation","United States","3. Financial Accelerator / BGG-type Credit Frictions","Based on Smets-Wouters, financial accelerator (BGG), Estimated variants, Calvo prices, Calvo wages, habit formation, investment adj. costs, Working capital loans","2026-06-18","derivation-only (needs_review)"
"US_CFP17endo","MMB paper derivation reference (8-section FOC/equilibrium derivation, EN+ZH); no runnable .mod","Targeting Long Rates in a Model with Segmented Markets","2017","New Keynesian DSGE with Segmented Bond Markets and Financial Intermediation (Linear)","United States","4. Banking Sector / Bank Capital Channel","financial intermediary, Two types of bonds, Calvo prices, Calvo wages, habit formation, investment adj. costs, Flexible-price counterpart for output gap","2026-06-18","derivation-only (needs_review)"
"US_CFP17exo","MMB paper derivation reference (8-section FOC/equilibrium derivation, EN+ZH); no runnable .mod","Targeting Long Rates in a Model with Segmented Markets","2017","New Keynesian DSGE with Segmented Bond Markets and Exogenous Segmentation (Linear)","United States","4. Banking Sector / Bank Capital Channel","financial intermediary, Two types of bonds, Calvo prices, Calvo wages, habit formation, investment adj. costs, Flexible-price counterpart for output gap","2026-06-18","derivation-only (needs_review)"
"US_CMR10","MMB paper derivation reference (8-section FOC/equilibrium derivation, EN+ZH); no runnable .mod","Financial Factors in Economic Fluctuations","2010","Medium-scale New Keynesian DSGE with banking sector and financial frictions","United States (and Euro Area)","3. Financial Accelerator / BGG-type Credit Frictions","banking sector, financial accelerator (BGG), habit formation, investment adj. costs, Calvo prices+wages, Money demand, distortionary taxes, Flexible-price/wage counterfactual economy included","2026-06-18","derivation-only (needs_review)"
"US_CMR10fa","MMB paper derivation reference (8-section FOC/equilibrium derivation, EN+ZH); no runnable .mod","Financial Factors in Economic Fluctuations (Financial Accelerator Model variant)","2010","Medium-scale New Keynesian DSGE with financial accelerator (simplified banking variant)","United States","3. Financial Accelerator / BGG-type Credit Frictions","financial accelerator (BGG), habit formation, investment adj. costs, Calvo prices+wages, No detailed banking/money demand block, entrepreneur net worth","2026-06-18","derivation-only (needs_review)"
"US_CMR14","MMB paper derivation reference (8-section FOC/equilibrium derivation, EN+ZH); no runnable .mod","Risk Shocks","2014","Medium-scale New Keynesian DSGE with financial frictions and risk shocks","United States","3. Financial Accelerator / BGG-type Credit Frictions","Time-varying volatility, financial accelerator (BGG), Anticipated, habit formation, Calvo prices+wages, investment adj. costs, Bayesian estimation","2026-06-18","derivation-only (needs_review)"
"US_CMR14noFA","MMB paper derivation reference (8-section FOC/equilibrium derivation, EN+ZH); no runnable .mod","Risk Shocks (No Financial Accelerator variant)","2014","Medium-scale New Keynesian DSGE without financial accelerator (counterfactual variant)","United States","3. Financial Accelerator / BGG-type Credit Frictions","financial accelerator (BGG), credit frictions, habit formation, Calvo prices+wages, investment adj. costs, Flexible-price/wage counterfactual economy included, Bayesian estimation","2026-06-18","derivation-only (needs_review)"
"US_CPS10","MMB paper derivation reference (8-section FOC/equilibrium derivation, EN+ZH); no runnable .mod","Inflation-Gap Persistence in the US","2010","Small-scale New Keynesian DSGE (linearized)","United States","1. Baseline NK / Monetary Policy Rules","inflation targeting, habit formation, Calvo prices, Parameterization from two subsamples","2026-06-18","derivation-only (needs_review)"
"US_DG08","MMB paper derivation reference (8-section FOC/equilibrium derivation, EN+ZH); no runnable .mod","The External Finance Premium and the Macroeconomy: US Post-WWII Evidence","2008","Medium-scale New Keynesian DSGE with financial accelerator","United States (post-WWII, 1954-2004)","3. Financial Accelerator / BGG-type Credit Frictions","financial accelerator (BGG), habit formation, investment adj. costs, Calvo prices+wages, Flexible-price/wage counterfactual variables included, Estimated on US data, external finance premium","2026-06-18","derivation-only (needs_review)"
"US_DNGS15","MMB paper derivation reference (8-section FOC/equilibrium derivation, EN+ZH); no runnable .mod","Inflation in the Great Recession and New Keynesian Models","2015","Medium-scale New Keynesian DSGE with financial frictions (baseline variant)","United States","2. Estimated DSGE Benchmarks (Smets-Wouters Type)","credit frictions, financial accelerator (BGG), habit formation, Calvo prices+wages, investment adj. costs, Flexible-price/wage counterfactual variables included, inflation targeting","2026-06-18","derivation-only (needs_review)"
"US_DNGS15_SW","MMB paper derivation reference (8-section FOC/equilibrium derivation, EN+ZH); no runnable .mod","Inflation in the Great Recession and New Keynesian Models (SW variant -- Smets-Wouters without financial frictions)","2015","Medium-scale New Keynesian DSGE without financial frictions (Smets-Wouters 2007 re-estimated with 2012Q3 data)","United States","2. Estimated DSGE Benchmarks (Smets-Wouters Type)","Smets-Wouters, financial accelerator (BGG), habit formation, Calvo prices+wages, investment adj. costs, Flexible-price/wage counterfactual variables included, inflation targeting, credit frictions","2026-06-18","derivation-only (needs_review)"
"US_DNGS15_SWSP","MMB paper derivation reference (8-section FOC/equilibrium derivation, EN+ZH); no runnable .mod","Inflation in the Great Recession and New Keynesian Models (SWSP variant -- SW with financial frictions and credit spread observable)","2015","Medium-scale New Keynesian DSGE with financial frictions estimated with credit spread data","United States","2. Estimated DSGE Benchmarks (Smets-Wouters Type)","credit frictions, financial accelerator (BGG), external finance premium, habit formation, Calvo prices+wages, investment adj. costs, Flexible-price/wage counterfactual variables included, inflation targeting","2026-06-18","derivation-only (needs_review)"
"US_DNGS15_SWpi","MMB paper derivation reference (8-section FOC/equilibrium derivation, EN+ZH); no runnable .mod","Inflation in the Great Recession and New Keynesian Models (SWpi variant -- SW with drifting inflation target)","2015","Medium-scale New Keynesian DSGE with drifting inflation target but without financial frictions","United States","2. Estimated DSGE Benchmarks (Smets-Wouters Type)","inflation targeting, credit frictions, habit formation, Calvo prices+wages, investment adj. costs, Flexible-price/wage counterfactual variables included","2026-06-18","derivation-only (needs_review)"
"US_FGKR15","MMB paper derivation reference (8-section FOC/equilibrium derivation, EN+ZH); no runnable .mod","Fiscal Volatility Shocks and Economic Activity","2015","Medium-scale New Keynesian DSGE with stochastic volatility in fiscal instruments","United States","7. Fiscal Policy / Government Spending","distortionary taxes, Calvo prices, habit formation, investment adj. costs, 2nd-order approximation","2026-06-18","derivation-only (needs_review)"
"US_FM95","MMB paper derivation reference (8-section FOC/equilibrium derivation, EN+ZH); no runnable .mod","Inflation Persistence / Monetary Policy Trade-offs and the Correlation between Nominal Interest Rates and Real Output","1995","Small-scale backward-looking/hybrid macro model (linearized)","United States","1. Baseline NK / Monetary Policy Rules","staggered wage contracts, Fuhrer-Moore contracts, Model described in Levin-Wieland-Williams, Parameterization from Fuhrer, Linear model","2026-06-18","derivation-only (needs_review)"
"US_FMS134","MMB paper derivation reference (8-section FOC/equilibrium derivation, EN+ZH); no runnable .mod","A Pitfall with Estimated DSGE-Based Government Spending Multipliers","2013","Medium-scale New Keynesian DSGE with endogenous fiscal policy and Edgeworth complementarity","United States","7. Fiscal Policy / Government Spending","habit formation, Calvo prices+wages, investment adj. costs, Endogenous government spending rule, Bayesian estimation","2026-06-18","derivation-only (needs_review)"
"US_FRB03","MMB paper derivation reference (8-section FOC/equilibrium derivation, EN+ZH); no runnable .mod","The Performance of Forecast-Based Monetary Policy Rules under Model Uncertainty","2003","Large-scale linearized macroeconometric model (FRB-US LINVER version, 2003 vintage)","United States","14. Large Official Policy Models","large-scale multi-sector, Fiscal sector, Financial sector","2026-06-18","derivation-only (needs_review)"
"US_FU19","MMB paper derivation reference (8-section FOC/equilibrium derivation, EN+ZH); no runnable .mod","Accounting for Post-Crisis Inflation: A Retro Analysis","2019","Medium-scale New Keynesian DSGE (Smets-Wouters style, linearized)","United States","2. Estimated DSGE Benchmarks (Smets-Wouters Type)","Smets-Wouters, habit formation, Calvo prices+wages, investment adj. costs","2026-06-18","derivation-only (needs_review)"
"US_FV10","MMB paper derivation reference (8-section FOC/equilibrium derivation, EN+ZH); no runnable .mod","The Econometrics of DSGE Models (Baseline New Keynesian DSGE Model)","2010","Baseline New Keynesian DSGE (nonlinear, with investment-specific technology)","United States","2. Estimated DSGE Benchmarks (Smets-Wouters Type)","nonlinear model, IST shocks, Calvo prices+wages, Capital utilization with quadratic costs, Capital adjustment costs, habit formation, preference/risk-premium shocks, predetermined_variables declaration for capital","2026-06-18","derivation-only (needs_review)"
"US_FV15","MMB paper derivation reference (8-section FOC/equilibrium derivation, EN+ZH); no runnable .mod","Nonlinear Adventures at the Zero Lower Bound (Time-Varying Volatility variant of Fernandez-Villaverde baseline model)","2015","Baseline New Keynesian DSGE with time-varying (stochastic) volatility","United States","2. Estimated DSGE Benchmarks (Smets-Wouters Type)","Extension of Fernandez-Villaverde, nonlinear model, Calvo prices+wages, investment adj. costs, habit formation, predetermined_variables declaration for capital","2026-06-18","derivation-only (needs_review)"
"US_HL16","MMB paper derivation reference (8-section FOC/equilibrium derivation, EN+ZH); no runnable .mod","The Equity Price Channel in a New-Keynesian DSGE Model with Financial Frictions and Banking","2016","Medium-scale New Keynesian DSGE with banking sector, housing, and heterogeneous households (estimated)","United States","4. Banking Sector / Bank Capital Channel","patient/impatient HH, bank capital/leverage, collateral constraints (LTV), Calvo prices, habit formation, Physical capital adjustment costs, Estimated on US data, Equity","2026-06-18","derivation-only (needs_review)"
"US_IAC05","MMB paper derivation reference (8-section FOC/equilibrium derivation, EN+ZH); no runnable .mod","House Prices, Borrowing Constraints, and Monetary Policy in the Business Cycle","2005","Small-scale New Keynesian DSGE with housing and collateral constraints (linearized)","United States","8. Housing / Collateral Constraints","patient/impatient HH, nominal debt contracts, collateral constraints (LTV), Calvo prices, Linearized model","2026-06-18","derivation-only (needs_review)"
"US_IN10","MMB paper derivation reference (8-section FOC/equilibrium derivation, EN+ZH); no runnable .mod","Housing Market Spillovers: Evidence from an Estimated DSGE Model","2010","Two-sector New Keynesian DSGE with housing sector (estimated)","United States","8. Housing / Collateral Constraints","housing market, patient/impatient HH, Two capital stocks, Two labor types, Sector-specific productivity trends, Calvo prices+wages, investment adj. costs, Flexible-price/wage counterfactual economy included","2026-06-18","derivation-only (needs_review)"
"US_IR11","MMB paper derivation reference (8-section FOC/equilibrium derivation, EN+ZH); no runnable .mod","A New Keynesian Perspective on the Great Recession","2011","Small-scale New Keynesian DSGE (linearized)","United States","2. Estimated DSGE Benchmarks (Smets-Wouters Type)","three-equation New Keynesian model, habit formation, inflation indexation, Renormalized cost-push shock, ML estimation, Observable variables","2026-06-18","derivation-only (needs_review)"
"US_IR15","MMB paper derivation reference (8-section FOC/equilibrium derivation, EN+ZH); no runnable .mod","Monetary Policy, Bond Risk Premia, and the Economy","2015","Small-scale New Keynesian DSGE integrated with affine term structure model (macro-finance, linearized)","United States","4. Banking Sector / Bank Capital Channel","term structure, inflation targeting, Yield curve, Risk price parameters, Linearized model","2026-06-18","derivation-only (needs_review)"
"US_JPT11","MMB paper derivation reference (8-section FOC/equilibrium derivation, EN+ZH); no runnable .mod","Investment Shocks and the Relative Price of Investment","2011","New Keynesian DSGE (medium-scale, Bayesian estimated)","United States","2. Estimated DSGE Benchmarks (Smets-Wouters Type)","Bayesian estimation, IST shocks, habit formation, Calvo prices, variable capital util., investment adj. costs","2026-06-18","derivation-only (needs_review)"
"US_KK14","MMB paper derivation reference (8-section FOC/equilibrium derivation, EN+ZH); no runnable .mod","Toward a Taylor Rule for Fiscal Policy","2014","New Keynesian DSGE with distortionary taxation","United States","7. Fiscal Policy / Government Spending","capital accumulation, distortionary taxes, Calvo prices+wages, habit formation, investment adj. costs, Ricardian/non-Ricardian HH, Taylor-type monetary policy rule","2026-06-18","derivation-only (needs_review)"
"US_LTW17","MMB paper derivation reference (8-section FOC/equilibrium derivation, EN+ZH); no runnable .mod","Clearing Up the Fiscal Multiplier Morass","2017","Medium-scale New Keynesian DSGE with rich fiscal block (Bayesian estimated)","United States","7. Fiscal Policy / Government Spending","distortionary taxes, rule-of-thumb HH, investment adj. costs, Calvo prices+wages, Two distinct monetary-fiscal policy regimes, Baseline version","2026-06-18","derivation-only (needs_review)"
"US_LTW17gz","MMB paper derivation reference (8-section FOC/equilibrium derivation, EN+ZH); no runnable .mod","Clearing Up the Fiscal Multiplier Morass (gz variant -transfers respond to debt)","2017","Medium-scale New Keynesian DSGE with rich fiscal block (Bayesian estimated) -gz variant","United States","7. Fiscal Policy / Government Spending","govt debt dynamics, Ricardian/non-Ricardian HH, investment adj. costs, Calvo prices+wages, Two monetary-fiscal policy regimes","2026-06-18","derivation-only (needs_review)"
"US_LTW17nu","MMB paper derivation reference (8-section FOC/equilibrium derivation, EN+ZH); no runnable .mod","Clearing Up the Fiscal Multiplier Morass (nu variant -no government spending in utility)","2017","Medium-scale New Keynesian DSGE with rich fiscal block -nu (no utility) variant","United States","7. Fiscal Policy / Government Spending","Ricardian/non-Ricardian HH, investment adj. costs, Calvo prices+wages, Two monetary-fiscal policy regimes","2026-06-18","derivation-only (needs_review)"
"US_LTW17rot","MMB paper derivation reference (8-section FOC/equilibrium derivation, EN+ZH); no runnable .mod","Clearing Up the Fiscal Multiplier Morass (rot variant -rule-of-thumb consumers)","2017","Medium-scale New Keynesian DSGE with rich fiscal block -rot (rule-of-thumb) variant","United States","7. Fiscal Policy / Government Spending","rule-of-thumb HH, investment adj. costs, Calvo prices+wages, Government spending in utility function, Two monetary-fiscal policy regimes","2026-06-18","derivation-only (needs_review)"
"US_LWY13","MMB paper derivation reference (8-section FOC/equilibrium derivation, EN+ZH); no runnable .mod","Fiscal Foresight and Information Flows","2013","Medium-scale New Keynesian DSGE with fiscal foresight (news shocks)","United States","7. Fiscal Policy / Government Spending","distortionary taxes, fiscal foresight, Ricardian/non-Ricardian HH, investment adj. costs, Calvo prices+wages, ZLB","2026-06-18","derivation-only (needs_review)"
"US_MI07","MMB paper derivation reference (8-section FOC/equilibrium derivation, EN+ZH); no runnable .mod","Expectations, Learning and Macroeconomic Persistence","2007","New Keynesian (linearized) with adaptive learning -rational expectations version in MMB","United States","12. Learning & Expectations Formation","adaptive learning, habit formation, inflation indexation, Bayesian estimation, state space","2026-06-18","derivation-only (needs_review)"
"US_MR07","MMB paper derivation reference (8-section FOC/equilibrium derivation, EN+ZH); no runnable .mod","Sticky Information in General Equilibrium","2007","New Keynesian DSGE with sticky information (linearized)","United States","12. Learning & Expectations Formation","sticky information, Bayesian estimation, Variables","2026-06-18","derivation-only (needs_review)"
"US_OR03","MMB paper derivation reference (8-section FOC/equilibrium derivation, EN+ZH); no runnable .mod","The Quest for Prosperity without Inflation","2003","Small-scale backward-looking empirical macro model (VAR-based structural equations)","United States","1. Baseline NK / Monetary Policy Rules","Purely backward-looking, Real-time data analysis, Three-variable system","2026-06-18","derivation-only (needs_review)"
"US_PM08","MMB paper derivation reference (8-section FOC/equilibrium derivation, EN+ZH); no runnable .mod","A Small Quarterly Projection Model of the US Economy","2008","Small semi-structural quarterly projection model (no financial-real linkages -baseline version)","United States","14. Large Official Policy Models","Core variables, Equilibrium real interest rate, financial conditions channel","2026-06-18","derivation-only (needs_review)"
"US_PM08fl","MMB paper derivation reference (8-section FOC/equilibrium derivation, EN+ZH); no runnable .mod","A Small Quarterly Projection Model of the US Economy (with Financial-Real Linkages)","2008","Small semi-structural quarterly projection model with financial-real linkages (fl variant)","United States","3. Financial Accelerator / BGG-type Credit Frictions","financial conditions channel, Core variables","2026-06-18","derivation-only (needs_review)"
"US_PV15","MMB paper derivation reference (8-section FOC/equilibrium derivation, EN+ZH); no runnable .mod","Financial Frictions and the Extensive Margin of Activity","2015","New Keynesian DSGE with financial frictions and firm entry/exit (extensive margin)","United States","3. Financial Accelerator / BGG-type Credit Frictions","financial accelerator (BGG), credit frictions, Heterogeneous firms, patient/impatient HH, Calvo prices+wages, investment adj. costs, external finance premium, Estimated on US data 1993Q1–2012Q3","2026-06-18","derivation-only (needs_review)"
"US_RA07","MMB paper derivation reference (8-section FOC/equilibrium derivation, EN+ZH); no runnable .mod","Does Inflation Increase after a Monetary Policy Tightening? Answers Based on an Estimated DSGE Model","2007","New Keynesian DSGE with cost channel of monetary transmission (nonlinear, estimated)","United States","1. Baseline NK / Monetary Policy Rules","cost channel, The cost channel, Calvo prices+wages, habit formation, investment adj. costs, Bayesian estimation, Addresses the ""price puzzle""","2026-06-18","derivation-only (needs_review)"
"US_RE09","MMB paper derivation reference (8-section FOC/equilibrium derivation, EN+ZH); no runnable .mod","A Sticky-Information General-Equilibrium Model for Policy Analysis","2009","New Keynesian DSGE with sticky information in prices, wages, and consumption (linearized)","United States","12. Learning & Expectations Formation","sticky information, Information stickiness, Bayesian estimation, no capital, Covers","2026-06-18","derivation-only (needs_review)"
"US_RS99","MMB paper derivation reference (8-section FOC/equilibrium derivation, EN+ZH); no runnable .mod","Policy Rules for Inflation Targeting","1999","Small-scale backward-looking reduced-form macro model (semi-structural)","United States","1. Baseline NK / Monetary Policy Rules","Four-quarter average inflation, Linear-quadratic policy rule optimization possible","2026-06-18","derivation-only (needs_review)"
"US_SW07","MMB paper derivation reference (8-section FOC/equilibrium derivation, EN+ZH); no runnable .mod","Shocks and Frictions in US Business Cycles: A Bayesian DSGE Approach","2007","Medium-scale New Keynesian DSGE (Bayesian estimated) -benchmark model","United States","2. Estimated DSGE Benchmarks (Smets-Wouters Type)","markup shocks, habit formation, Calvo prices, Calvo wages, investment adj. costs","2026-06-18","derivation-only (needs_review)"
"US_VI16bgg","MMB paper derivation reference (8-section FOC/equilibrium derivation, EN+ZH); no runnable .mod","Financial Frictions in the Euro Area and the United States: A Bayesian Assessment","2016","Smets-Wouters DSGE augmented with BGG financial accelerator (Bernanke-Gertler-Gilchrist) -US version","United States","3. Financial Accelerator / BGG-type Credit Frictions","financial accelerator (BGG), costly state verification, external finance premium, Calvo prices+wages, habit formation, investment adj. costs, Bayesian estimation","2026-06-18","derivation-only (needs_review)"
"US_VI16gk","MMB paper derivation reference (8-section FOC/equilibrium derivation, EN+ZH); no runnable .mod","Financial Frictions in the Euro Area and the United States: A Bayesian Assessment","2016","Smets-Wouters DSGE augmented with Gertler-Karadi financial intermediary frictions -US version","United States","4. Banking Sector / Bank Capital Channel","financial intermediary, credit frictions, Franchise value of surviving banks, Calvo prices+wages, habit formation, investment adj. costs, Bayesian estimation","2026-06-18","derivation-only (needs_review)"
"US_VMDno","MMB paper derivation reference (8-section FOC/equilibrium derivation, EN+ZH); no runnable .mod","(Un)anticipated Monetary Policy in a DSGE Model with a Shadow Banking System","2013","Large-scale New Keynesian DSGE with shadow banking system -""normal times"" variant","United States","4. Banking Sector / Bank Capital Channel","banking sector, financial intermediary, financial accelerator (BGG), Calvo prices+wages, habit formation, investment adj. costs","2026-06-18","derivation-only (needs_review)"
"US_YR13","MMB paper derivation reference (8-section FOC/equilibrium derivation, EN+ZH); no runnable .mod","The Implications of Financial Frictions and Imperfect Knowledge in the Estimated DSGE Model of the US Economy","2013","Smets-Wouters DSGE with financial accelerator (BGG) and adaptive learning","United States","3. Financial Accelerator / BGG-type Credit Frictions","adaptive learning, financial accelerator (BGG), entrepreneur net worth, Calvo prices+wages, habit formation, investment adj. costs","2026-06-18","derivation-only (needs_review)"
"NK_ADE25cpi","MMB paper derivation reference (8-section FOC/equilibrium derivation, EN+ZH); no runnable .mod","Trade Wars and the Optimal Design of Monetary Rules","2025","NK two-country open economy, nonlinear","Two-country open economy","6. Open Economy / Multi-Country","two-country open economy, endogenous import tariffs, Nash tariff setting, producer-currency pricing, Rotemberg price adjustment costs, home bias, internationally traded bonds, CPI-inflation-targeting rule, optimal monetary rule design, trade war, nonlinear","2026-06-18","derivation-only (needs_review)"
"NK_ADE25ppi","MMB paper derivation reference (8-section FOC/equilibrium derivation, EN+ZH); no runnable .mod","Trade Wars and the Optimal Design of Monetary Rules","2025","NK two-country open economy, nonlinear","Two-country open economy","6. Open Economy / Multi-Country","two-country open economy, endogenous import tariffs, Nash tariff setting, producer-currency pricing, Rotemberg price adjustment costs, home bias, internationally traded bonds, PPI/domestic-inflation-targeting rule, optimal monetary rule design, trade war, nonlinear","2026-06-18","derivation-only (needs_review)"
"NK_BGG99AL","MMB paper derivation reference (8-section FOC/equilibrium derivation, EN+ZH); no runnable .mod","The Financial Accelerator in a Quantitative Business Cycle Framework","1999","NK financial accelerator, log-linearized (adaptive-learning variant)","Closed economy (calibrated to US)","3. Financial Accelerator / BGG-type Credit Frictions","financial accelerator, costly state verification, external finance premium, entrepreneur net worth, capital producers, Calvo pricing, adaptive learning variant, log-linearized","2026-06-18","derivation-only (needs_review)"
"NK_CDK24","MMB paper derivation reference (8-section FOC/equilibrium derivation, EN+ZH); no runnable .mod","Energy Prices and Household Heterogeneity: Monetary Policy in a Gas-TANK","2024","NK two-agent (TANK) small open economy, log-linear","Small open economy","10. Energy & Commodities","Gas-TANK, imported energy in production, two-agent unconstrained + hand-to-mouth households, sticky-wage labor unions, energy importers, Calvo prices, consumption gap, Taylor rule, Ramsey policy, energy price shock, small open economy, log-linear","2026-06-18","derivation-only (needs_review)"
"NK_CGG02AL","MMB paper derivation reference (8-section FOC/equilibrium derivation, EN+ZH); no runnable .mod","A Simple Framework for International Monetary Policy Analysis","2002","NK two-country open economy, log-linear (adaptive-learning variant)","Two-country open economy","6. Open Economy / Multi-Country","two-country open economy, Nash vs cooperative monetary policy, complete international risk sharing, Calvo prices, time-varying labor market power cost-push, adaptive learning variant, log-linear","2026-06-18","derivation-only (needs_review)"
"NK_CGG99AL","MMB paper derivation reference (8-section FOC/equilibrium derivation, EN+ZH); no runnable .mod","The Science of Monetary Policy: A New Keynesian Perspective","1999","Baseline NK reduced-form, log-linear (adaptive-learning variant)","Closed economy (calibrated to US)","1. Baseline NK / Monetary Policy Rules","baseline three-equation NK, forward-looking IS, forward-looking Phillips curve, discretion vs commitment, demand and cost-push shocks, adaptive learning variant, reduced-form log-linear","2026-06-18","derivation-only (needs_review)"
"NK_GMAS25cpi","MMB paper derivation reference (8-section FOC/equilibrium derivation, EN+ZH); no runnable .mod","Monetary Policy and Exchange Rate Volatility in a Small Open Economy","2005","NK small open economy, log-linear model(linear)","Small open economy","6. Open Economy / Multi-Country","small open economy, Calvo sticky prices, complete international financial markets, CES home/foreign bundles, CPI-inflation Taylor rule, exchange rate volatility, Gali-Monacelli, model(linear) log-linear","2026-06-18","derivation-only (needs_review)"
"NK_GMAS25ppi","MMB paper derivation reference (8-section FOC/equilibrium derivation, EN+ZH); no runnable .mod","Monetary Policy and Exchange Rate Volatility in a Small Open Economy","2005","NK small open economy, log-linear model(linear)","Small open economy","6. Open Economy / Multi-Country","small open economy, Calvo sticky prices, complete international financial markets, CES home/foreign bundles, domestic/PPI-inflation Taylor rule, exchange rate volatility, Gali-Monacelli, model(linear) log-linear","2026-06-18","derivation-only (needs_review)"
"NK_GN25","MMB paper derivation reference (8-section FOC/equilibrium derivation, EN+ZH); no runnable .mod","Energy Price Shocks, Unemployment, and Monetary Policy","2025","HANK with search-and-matching, log-linear model(linear)","Closed economy","10. Energy & Commodities","HANK, uninsured unemployment risk, search-and-matching labor frictions, non-homothetic energy consumption, energy as production input, Calvo wholesale firms, optimal and optimized simple rules, energy price shock, log-linear","2026-06-18","derivation-only (needs_review)"
"NK_LWW03AL","MMB paper derivation reference (8-section FOC/equilibrium derivation, EN+ZH); no runnable .mod","The Performance of Forecast-Based Monetary Policy Rules under Model Uncertainty","2003","Small optimizing AD-AS NK, log-linear (adaptive-learning variant)","Closed economy (US)","1. Baseline NK / Monetary Policy Rules","small optimizing AD-AS, forward-looking Phillips and IS curves, natural real rate, forecast-based monetary policy rules, model uncertainty, adaptive learning variant, linear","2026-06-18","derivation-only (needs_review)"
"NK_RW06AL","MMB paper derivation reference (8-section FOC/equilibrium derivation, EN+ZH); no runnable .mod","Optimal Monetary Policy with the Cost Channel","2006","NK cost-channel, log-linear model(linear) (adaptive-learning variant)","Stylized closed economy","1. Baseline NK / Monetary Policy Rules","cost channel, working-capital loans, nominal interest rate in real marginal cost, Calvo prices, optimal monetary policy, adaptive learning variant, model(linear)","2026-06-18","derivation-only (needs_review)"
"NK_RW97AL","MMB paper derivation reference (8-section FOC/equilibrium derivation, EN+ZH); no runnable .mod","An Optimization-Based Econometric Framework for the Evaluation of Monetary Policy","1997","NK (Rotemberg-Woodford), log-linear (adaptive-learning variant)","United States","1. Baseline NK / Monetary Policy Rules","Rotemberg-Woodford, interest-sensitive purchases chosen in advance, Calvo staggered pricing with one/two-quarter decision lags, monopolistic competition, monetary policy rule evaluation, adaptive learning variant, log-linear","2026-06-18","derivation-only (needs_review)"
"US_BR13","MMB paper derivation reference (8-section FOC/equilibrium derivation, EN+ZH); no runnable .mod","Why Are the 2000s So Different from the 1970s?","2013","NK with oil, log-linear","United States","10. Energy & Commodities","oil in production and consumption, real wage rigidity, imperfect inflation-expectation credibility, Calvo prices, Taylor rule, minimum-distance oil-shock IRF matching, structural change 1970s vs 2000s, log-linear","2026-06-18","derivation-only (needs_review)"
"US_FM95AL","MMB paper derivation reference (8-section FOC/equilibrium derivation, EN+ZH); no runnable .mod","Inflation Persistence","1995","Fuhrer-Moore relative-contracting, linear (adaptive-learning variant)","United States","1. Baseline NK / Monetary Policy Rules","Fuhrer-Moore relative real contracting, four-quarter staggered nominal contracts, inflation persistence, reduced-form VAR for output gap and bill rate, nominal-output growth rule, adaptive learning variant, model(linear)","2026-06-18","derivation-only (needs_review)"
"US_FRB22_mcap","MMB paper derivation reference (8-section FOC/equilibrium derivation, EN+ZH); no runnable .mod","LINVER: The Linear Version of FRB/US","2022","Large-scale semi-structural macroeconometric (LINVER), linear","United States","14. Large Official Policy Models","LINVER, FRB/US linear version, large-scale semi-structural, model-consistent expectations in financial markets + VAR-based elsewhere, selectable simple policy rules, effective lower bound ELB, linear","2026-06-18","derivation-only (needs_review)"
"US_FRB22_mcapwp","MMB paper derivation reference (8-section FOC/equilibrium derivation, EN+ZH); no runnable .mod","LINVER: The Linear Version of FRB/US","2022","Large-scale semi-structural macroeconometric (LINVER), linear","United States","14. Large Official Policy Models","LINVER, FRB/US linear version, large-scale semi-structural, model-consistent expectations in financial markets and wage-price setting + VAR-based elsewhere, ELB, linear","2026-06-18","derivation-only (needs_review)"
"US_FRB22_mceall","MMB paper derivation reference (8-section FOC/equilibrium derivation, EN+ZH); no runnable .mod","LINVER: The Linear Version of FRB/US","2022","Large-scale semi-structural macroeconometric (LINVER), linear","United States","14. Large Official Policy Models","LINVER, FRB/US linear version, large-scale semi-structural, all expectations model-consistent, ELB, fiscal stabilization, linear","2026-06-18","derivation-only (needs_review)"
"US_FRB22_var","MMB paper derivation reference (8-section FOC/equilibrium derivation, EN+ZH); no runnable .mod","LINVER: The Linear Version of FRB/US","2022","Large-scale semi-structural macroeconometric (LINVER), linear","United States","14. Large Official Policy Models","LINVER, FRB/US linear version, large-scale semi-structural, all expectations VAR-based, ELB, linear","2026-06-18","derivation-only (needs_review)"
"US_GG24","MMB paper derivation reference (8-section FOC/equilibrium derivation, EN+ZH); no runnable .mod","Oil Prices, Monetary Policy and Inflation Surges","2024","NK with oil and search-and-matching, log-linearized (estimated)","United States","10. Energy & Commodities","oil price shocks, Mortensen-Pissarides search-and-matching, Nash wage with real wage rigidity, Calvo retail, monthly estimated, IRF matching, inflation surge, labor-market tightness, log-linear","2026-06-18","derivation-only (needs_review)"
"US_MI07AL","MMB paper derivation reference (8-section FOC/equilibrium derivation, EN+ZH); no runnable .mod","Expectations, Learning and Macroeconomic Persistence","2007","NK with adaptive learning, log-linear","United States","12. Learning & Expectations Formation","constant-gain adaptive learning, subjective expectations, habit IS/Euler equation, Calvo Phillips curve with indexation, perceived law of motion, macroeconomic persistence, estimated, log-linear","2026-06-18","derivation-only (needs_review)"
"US_SW07AL","MMB paper derivation reference (8-section FOC/equilibrium derivation, EN+ZH); no runnable .mod","Learning in an Estimated Medium-Scale DSGE Model","2012","Medium-scale NK DSGE with adaptive learning, log-linear","United States","12. Learning & Expectations Formation","Smets-Wouters medium-scale DSGE with adaptive learning, perceived law of motion, constant-gain recursive least squares, MSV/VAR learning, Calvo-Kimball prices and wages, investment adjustment costs, variable utilization, habit, log-linear","2026-06-18","derivation-only (needs_review)"
"US_VGMP15","MMB paper derivation reference (8-section FOC/equilibrium derivation, EN+ZH); no runnable .mod","The Effects of Oil Price Shocks in a New-Keynesian Framework with Capital Accumulation","2015","NK with oil and capital, log-linear (estimated)","United States","10. Energy & Commodities","oil in consumption and production, capital accumulation, exogenous real capital price, Calvo prices, Bayesian estimation, oil price shock, energy output elasticity and cost share, log-linear","2026-06-18","derivation-only (needs_review)"
"US_YR13AL","MMB paper derivation reference (8-section FOC/equilibrium derivation, EN+ZH); no runnable .mod","The Implications of Financial Frictions and Imperfect Knowledge in the Estimated DSGE Model of the US Economy","2013","Medium-scale NK DSGE with financial accelerator and adaptive learning, log-linear","United States","3. Financial Accelerator / BGG-type Credit Frictions","Smets-Wouters medium-scale DSGE, BGG financial accelerator, external finance premium, entrepreneur net worth, adaptive learning via Kalman filter, AR(2) forecasting functions, Bayesian estimation, risk-premium shock, log-linear","2026-06-18","derivation-only (needs_review)"
